id,coordinates/0,coordinates/1,status
LINK-000001,-73.94209,40.70099,active
LINK-000002,-73.94248859,40.70166753,active
LINK-000003,-73.94216928,40.70154219,active
LINK-000004,-73.94223924,40.70193034,active
LINK-000005,-73.94291758,40.70506042,active
LINK-000008,-73.93844701,40.69887623,active
LINK-000010,-73.93893235,40.69895576,active
LINK-000019,-73.95592439,40.64066623,active
LINK-000022,-73.95360324,40.63855961,active
LINK-000025,-73.94678067,40.63213478,active
LINK-000027,-73.953439,40.728133,active
LINK-000029,-73.95786908,40.71777024,installed
LINK-000031,-73.98193577,40.67455551,active
LINK-000032,-73.97973799,40.67761961,active
LINK-000034,-73.97406,40.679568,active
LINK-000035,-73.97437146,40.67963858,active
LINK-000036,-73.97325278,40.67845279,active
LINK-000039,-73.990353,40.664176,active
LINK-000040,-73.98695629,40.66853323,active
LINK-000041,-73.986317,40.669018,active
LINK-000042,-73.98595804,40.66973105,active
LINK-000043,-73.982789,40.673534,active
LINK-000044,-73.977006,40.683625,active
LINK-000045,-73.980613,40.688851,active
LINK-000046,-73.98086659,40.68521833,active
LINK-000047,-73.98496961,40.68681157,active
LINK-000049,-73.99314691,40.6879008,active
LINK-000051,-73.9945262,40.68538976,active
LINK-000052,-73.99575348,40.68248292,active
LINK-000054,-73.99002262,40.6874966,active
LINK-000056,-73.98042355,40.68764898,active
LINK-000064,-73.90457508,40.86311405,active
LINK-000067,-73.89305944,40.86021467,active
LINK-000070,-73.90324404,40.86264365,active
LINK-000072,-73.898023,40.861349,active
LINK-000074,-73.89858091,40.86165512,active
LINK-000076,-73.89855259,40.85915372,active
LINK-000077,-73.90454701,40.86285548,active
LINK-000087,-73.89952057,40.86208577,active
LINK-000090,-73.89182996,40.86199332,active
LINK-000092,-73.98336787,40.76582962,active
LINK-000108,-73.98185929,40.76700781,active
LINK-000111,-73.98198781,40.76617479,active
LINK-000114,-73.98920582,40.74320284,active
LINK-000116,-73.98901592,40.74424305,active
LINK-000120,-73.98867089,40.74512705,active
LINK-000130,-73.988399,40.746624,active
LINK-000134,-73.9881009,40.74813894,active
LINK-000141,-73.98808378,40.74972091,active
LINK-000146,-73.98757374,40.75233922,active
LINK-000151,-73.98738603,40.75305908,active
LINK-000155,-73.98693515,40.75449299,active
LINK-000158,-73.98635944,40.75485087,active
LINK-000162,-73.9845408,40.76041294,active
LINK-000163,-73.9848567,40.76026604,active
LINK-000164,-73.98446631,40.76064069,active
LINK-000165,-73.98428289,40.76063217,active
LINK-000166,-73.98463363,40.7607176,active
LINK-000168,-73.98427739,40.76088277,active
LINK-000173,-73.9830769,40.7625933,active
LINK-000177,-73.98262883,40.76397808,active
LINK-000178,-73.98230856,40.76412672,active
LINK-000180,-73.98236264,40.76467196,active
LINK-000182,-73.98212946,40.76534122,active
LINK-000184,-73.98821846,40.74853941,active
LINK-000185,-73.98779173,40.75009208,active
LINK-000186,-73.98873983,40.73414765,active
LINK-000189,-73.98941209,40.73414056,active
LINK-000190,-73.99342438,40.73611052,active
LINK-000191,-73.99684066,40.73756051,active
LINK-000193,-73.99360102,40.73620058,active
LINK-000194,-73.98977798,40.73412708,active
LINK-000198,-73.99831928,40.73807416,active
LINK-000199,-74.0009461,40.73899661,active
LINK-000202,-73.99993241,40.73857046,active
LINK-000203,-73.998106,40.737805,active
LINK-000205,-73.99947574,40.73866726,active
LINK-000206,-73.99792058,40.73790583,active
LINK-000213,-74.00400454,40.74302673,active
LINK-000214,-73.9923767,40.73803969,active
LINK-000218,-74.00416971,40.74280314,active
LINK-000220,-73.99526424,40.73933558,active
LINK-000221,-73.99547509,40.73943218,active
LINK-000223,-73.987162,40.733107,active
LINK-000224,-73.98704351,40.73369379,active
LINK-000225,-73.987384,40.73347,active
LINK-000226,-73.98688143,40.73391885,active
LINK-000227,-73.98663439,40.73384075,active
LINK-000228,-73.98665825,40.73422211,active
LINK-000230,-73.98617513,40.73447281,active
LINK-000231,-73.980628,40.742625,active
LINK-000232,-73.9763443,40.74838329,active
LINK-000233,-73.97653468,40.74828704,active
LINK-000235,-73.96912972,40.75827505,active
LINK-000238,-73.986488,40.734031,active
LINK-000240,-73.982889,40.739531,active
LINK-000241,-73.98625935,40.73476963,active
LINK-000242,-73.98584567,40.73534819,active
LINK-000243,-73.985322,40.735626,active
LINK-000246,-73.98389,40.737597,active
LINK-000251,-73.97408803,40.75071654,active
LINK-000252,-73.96717705,40.76020693,active
LINK-000253,-73.9849,40.736214,active
LINK-000254,-73.985171,40.735839,active
LINK-000256,-73.98512348,40.73633169,active
LINK-000257,-73.98474973,40.73642647,active
LINK-000258,-73.984486,40.736789,active
LINK-000264,-73.982489,40.739528,active
LINK-000266,-73.98242356,40.74004081,active
LINK-000267,-73.98203484,40.7399752,active
LINK-000269,-73.982383,40.740246,active
LINK-000270,-73.98198848,40.74021823,active
LINK-000272,-73.981729,40.740573,active
LINK-000273,-73.981576,40.740775,active
LINK-000274,-73.98173228,40.74098927,active
LINK-000275,-73.98151176,40.74129079,active
LINK-000276,-73.98129694,40.74116898,active
LINK-000277,-73.98133262,40.74153614,installed
LINK-000278,-73.98068,40.742007,active
LINK-000280,-73.980371,40.742433,active
LINK-000281,-73.98045937,40.742736,active
LINK-000283,-73.98024173,40.7430352,active
LINK-000284,-73.979813,40.743093,active
LINK-000285,-73.97990736,40.74349362,active
LINK-000286,-73.97965465,40.74395034,active
LINK-000287,-73.979316,40.743876,active
LINK-000292,-73.978416,40.745116,active
LINK-000296,-73.977614,40.746217,active
LINK-000297,-73.977444,40.746449,active
LINK-000298,-73.97768758,40.74653888,active
LINK-000301,-73.977005,40.74705,active
LINK-000302,-73.976965,40.747672,active
LINK-000303,-73.97677658,40.74778786,active
LINK-000304,-73.976105,40.748289,active
LINK-000306,-73.97602629,40.7488188,active
LINK-000308,-73.97536339,40.7487328,active
LINK-000309,-73.97518642,40.74934112,active
LINK-000310,-73.975648,40.748914,active
LINK-000312,-73.97510442,40.74965755,active
LINK-000313,-73.974741,40.750156,active
LINK-000315,-73.97488777,40.75037797,active
LINK-000316,-73.97446736,40.75095973,active
LINK-000317,-73.97414247,40.75140578,active
LINK-000320,-73.973765,40.751497,active
LINK-000326,-73.97325385,40.75262285,active
LINK-000327,-73.97284287,40.75266482,active
LINK-000328,-73.972445,40.753196,active
LINK-000330,-73.972868,40.753149,active
LINK-000331,-73.972326,40.753899,active
LINK-000333,-73.97218,40.754092,active
LINK-000334,-73.97187609,40.75451175,active
LINK-000335,-73.97103228,40.75523348,active
LINK-000336,-73.97102968,40.75587721,active
LINK-000337,-73.97125096,40.75535623,active
LINK-000338,-73.9701433,40.75632633,active
LINK-000339,-73.97011147,40.75650489,active
LINK-000340,-73.96981621,40.75691135,active
LINK-000341,-73.97047,40.756577,installed
LINK-000342,-73.97008839,40.75711322,installed
LINK-000344,-73.96961496,40.75772905,active
LINK-000346,-73.96943631,40.75785145,active
LINK-000349,-73.96895056,40.7585484,active
LINK-000350,-73.968727,40.758993,active
LINK-000351,-73.9687589,40.75837712,active
LINK-000352,-73.96841698,40.75881998,active
LINK-000355,-73.968242,40.75961,active
LINK-000357,-73.968048,40.759756,active
LINK-000359,-73.96756751,40.76000519,active
LINK-000360,-73.96782751,40.75963164,active
LINK-000361,-73.9677744,40.76013485,active
LINK-000362,-73.96730567,40.76034713,active
LINK-000363,-73.9675385,40.76045676,active
LINK-000364,-73.96710117,40.76064429,active
LINK-000365,-73.96677926,40.76148352,active
LINK-000366,-73.96707578,40.76109516,active
LINK-000369,-73.9663883,40.76160412,active
LINK-000371,-73.98148039,40.74148709,active
LINK-000374,-73.982886,40.738827,active
LINK-000375,-73.979721,40.766148,active
LINK-000398,-73.97719468,40.76451317,active
LINK-000419,-73.98389868,40.75495098,active
LINK-000444,-74.001807,40.740531,active
LINK-000447,-74.00259998,40.73944747,active
LINK-000448,-74.00137,40.741123,active
LINK-000449,-74.00150114,40.74137338,active
LINK-000450,-74.00132086,40.74162142,active
LINK-000451,-74.001088,40.74151,active
LINK-000452,-74.00071086,40.74204648,active
LINK-000453,-74.00094,40.742297,active
LINK-000457,-74.000238,40.742689,active
LINK-000458,-73.982247,40.767271,active
LINK-000462,-73.99989422,40.7435787,active
LINK-000463,-73.9996452,40.74391929,active
LINK-000464,-73.99939787,40.74426003,active
LINK-000465,-73.998993,40.744403,active
LINK-000466,-73.99915958,40.74458405,active
LINK-000468,-73.998736,40.74475,active
LINK-000469,-73.996434,40.747905,active
LINK-000471,-73.99852935,40.74503873,active
LINK-000472,-73.985061,40.763424,active
LINK-000473,-73.99861909,40.74544348,active
LINK-000475,-73.989409,40.757544,active
LINK-000480,-73.989252,40.757753,active
LINK-000483,-73.99775661,40.74592407,active
LINK-000484,-73.98309182,40.76663812,active
LINK-000486,-73.98315529,40.76693979,active
LINK-000487,-73.98285321,40.76696325,active
LINK-000489,-73.99233961,40.75413992,active
LINK-000491,-73.98583017,40.76305136,active
LINK-000493,-73.99712687,40.74737717,active
LINK-000496,-73.995553,40.749122,active
LINK-000498,-73.98256354,40.76735759,active
LINK-000499,-73.995245,40.749537,active
LINK-000500,-73.99511,40.749728,active
LINK-000501,-73.99552538,40.74982748,active
LINK-000502,-73.994993,40.74988,active
LINK-000503,-73.99505137,40.75022678,active
LINK-000505,-73.99275642,40.75269979,active
LINK-000508,-73.992762,40.752949,active
LINK-000509,-73.99294717,40.75310732,active
LINK-000511,-73.9927184,40.75342475,active
LINK-000513,-73.99256281,40.75364209,active
LINK-000516,-73.991871,40.754171,active
LINK-000518,-73.99181602,40.75466587,active
LINK-000520,-73.99166162,40.75488084,active
LINK-000522,-73.99137086,40.75528084,active
LINK-000524,-73.991425,40.7555,active
LINK-000525,-73.99093285,40.75587809,active
LINK-000527,-73.98890049,40.75866608,active
LINK-000528,-73.98877954,40.75883097,active
LINK-000529,-73.98857946,40.75910666,active
LINK-000531,-73.98818717,40.75922149,active
LINK-000532,-74.00273531,40.73967748,active
LINK-000533,-73.98725149,40.76107343,active
LINK-000535,-73.986828,40.761094,active
LINK-000537,-74.002305,40.739846,active
LINK-000538,-74.00221656,40.73971856,active
LINK-000539,-73.98629301,40.76224616,active
LINK-000540,-73.986052,40.762151,active
LINK-000541,-73.985923,40.762331,active
LINK-000544,-73.98515741,40.76380275,active
LINK-000549,-73.984767,40.764338,active
LINK-000550,-73.98422945,40.76464619,active
LINK-000551,-73.98454459,40.76421225,active
LINK-000552,-73.98447,40.764744,active
LINK-000553,-73.98409944,40.76482318,active
LINK-000554,-73.98433343,40.76493291,active
LINK-000555,-73.983593,40.765522,active
LINK-000556,-73.98384519,40.76560072,active
LINK-000558,-73.98354761,40.76601142,active
LINK-000560,-73.98751478,40.76056304,active
LINK-000562,-73.98811386,40.75974624,active
LINK-000563,-73.98615577,40.76243064,active
LINK-000564,-73.987313,40.760283,active
LINK-000566,-73.986836,40.760895,active
LINK-000567,-73.986606,40.761816,active
LINK-000568,-73.98797229,40.75993686,active
LINK-000569,-73.98778563,40.75966968,active
LINK-000570,-74.00718506,40.7157269,installed
LINK-000600,-73.9842789,40.7403098,active
LINK-000601,-73.98392453,40.74009245,active
LINK-000603,-73.98376711,40.7410117,active
LINK-000606,-73.983198,40.741481,active
LINK-000612,-73.983048,40.742139,active
LINK-000626,-73.97036918,40.7598074,active
LINK-000634,-73.981797,40.743229,active
LINK-000636,-73.96867055,40.76063098,active
LINK-000637,-73.97471723,40.75263649,active
LINK-000638,-73.98203855,40.74338446,active
LINK-000649,-73.98037405,40.7450706,installed
LINK-000650,-73.9799974,40.74559121,installed
LINK-000652,-73.98003507,40.74582381,active
LINK-000653,-73.9802333,40.74586329,active
LINK-000658,-73.9771946,40.74950281,active
LINK-000660,-73.9767944,40.75013253,active
LINK-000662,-73.97651851,40.7500145,active
LINK-000663,-73.9770118,40.75027937,active
LINK-000666,-73.97681673,40.75083273,active
LINK-000679,-73.97327607,40.7550884,installed
LINK-000684,-73.97126273,40.75679025,active
LINK-000686,-73.97170313,40.75779319,active
LINK-000692,-73.97007156,40.75980064,active
LINK-000697,-73.96880182,40.76173086,active
LINK-000698,-73.96839056,40.76155923,active
LINK-000700,-73.9823716,40.74832255,active
LINK-000703,-73.97220317,40.76232437,active
LINK-000711,-73.9815598,40.74983207,active
LINK-000712,-73.98123607,40.74998234,active
LINK-000726,-73.97973824,40.75233526,active
LINK-000727,-73.9795852,40.75254482,active
LINK-000731,-73.97924601,40.75300305,active
LINK-000742,-73.97652976,40.75674218,active
LINK-000748,-73.97534075,40.75863294,active
LINK-000749,-73.97514297,40.75864931,active
LINK-000752,-73.974008,40.759712,active
LINK-000753,-73.9736332,40.76024945,active
LINK-000755,-73.97310142,40.76096333,active
LINK-000756,-73.97274462,40.76151071,active
LINK-000758,-73.97235756,40.76246695,active
LINK-000761,-73.971424,40.763742,active
LINK-000763,-74.00998457,40.70331108,active
LINK-000771,-74.00908241,40.7039098,active
LINK-000772,-74.00732188,40.70504418,active
LINK-000774,-74.00624351,40.70624185,active
LINK-000779,-73.95373886,40.74355856,active
LINK-000780,-73.807661,40.701827,active
LINK-000781,-73.806477,40.701853,active
LINK-000783,-73.80035218,40.70345249,active
LINK-000784,-73.79869023,40.70402028,active
LINK-000785,-73.799923,40.703352,active
LINK-000789,-73.79365361,40.70584719,active
LINK-000791,-73.795897,40.705143,active
LINK-000793,-73.79375474,40.70599343,active
LINK-000794,-73.80201889,40.70273351,active
LINK-000797,-73.79934332,40.70376856,active
LINK-000798,-73.79901751,40.70389528,active
LINK-000799,-73.79847028,40.7039284,active
LINK-000801,-73.79786531,40.7043551,active
LINK-000802,-73.79774312,40.70421585,active
LINK-000804,-73.79680056,40.70460911,active
LINK-000805,-73.79662039,40.70468655,active
LINK-000824,-73.96580928,40.76210714,active
LINK-000825,-73.965443,40.762896,active
LINK-000826,-73.965653,40.763037,active
LINK-000827,-73.96407554,40.76465351,active
LINK-000828,-73.96404982,40.76483327,active
LINK-000830,-73.96318025,40.76590165,active
LINK-000832,-73.963554,40.76606,active
LINK-000833,-73.96313599,40.76658802,active
LINK-000834,-73.96252262,40.76733135,active
LINK-000835,-73.96228982,40.76723406,active
LINK-000836,-73.961971,40.767655,active
LINK-000837,-73.96225464,40.76785489,active
LINK-000838,-73.96132436,40.76910162,active
LINK-000839,-73.96096732,40.76893883,active
LINK-000842,-73.960254,40.770545,active
LINK-000843,-73.959928,40.770456,active
LINK-000845,-73.959496,40.770946,active
LINK-000849,-73.958697,40.772144,active
LINK-000850,-73.95854022,40.77235777,active
LINK-000851,-73.95895916,40.77237577,active
LINK-000852,-73.95876684,40.7724771,active
LINK-000853,-73.958474,40.773003,active
LINK-000854,-73.95822043,40.77281462,active
LINK-000857,-73.957965,40.773727,active
LINK-000858,-73.957499,40.774207,active
LINK-000860,-73.95709,40.77435,active
LINK-000862,-73.956665,40.774855,active
LINK-000864,-73.95593074,40.77636605,active
LINK-000865,-73.955586,40.776833,active
LINK-000867,-73.95513841,40.77703019,active
LINK-000868,-73.954752,40.777561,active
LINK-000869,-73.955153,40.777528,active
LINK-000870,-73.954541,40.778272,active
LINK-000871,-73.954428,40.778003,active
LINK-000872,-73.97425395,40.76298745,active
LINK-000877,-73.95399,40.7786,active
LINK-000878,-73.95371545,40.77860514,active
LINK-000879,-73.953663,40.778792,active
LINK-000880,-73.95398,40.779038,active
LINK-000882,-73.953715,40.779535,active
LINK-000883,-73.953327,40.779367,active
LINK-000885,-73.953537,40.779635,active
LINK-000886,-73.9524,40.780782,active
LINK-000887,-73.952279,40.781503,active
LINK-000888,-73.951699,40.782159,active
LINK-000889,-73.95125729,40.78276562,active
LINK-000890,-73.9505618,40.78328877,active
LINK-000891,-73.94987392,40.78466254,active
LINK-000892,-73.94903127,40.78581769,active
LINK-000893,-73.947944,40.787309,active
LINK-000896,-73.946262,40.789608,active
LINK-000897,-73.945683,40.790401,active
LINK-000898,-73.945348,40.790862,active
LINK-000899,-73.94489482,40.79148064,active
LINK-000900,-73.94421805,40.7912824,active
LINK-000901,-73.94423011,40.79239362,active
LINK-000902,-73.94398813,40.7922967,active
LINK-000903,-73.94378353,40.7930088,active
LINK-000904,-73.94285894,40.79427312,active
LINK-000905,-73.94239654,40.79491138,active
LINK-000906,-73.940337,40.797303,active
LINK-000907,-73.94025621,40.79783525,active
LINK-000908,-73.940035,40.797709,active
LINK-000909,-73.94003626,40.79813946,active
LINK-000911,-73.937249,40.80154018,active
LINK-000912,-73.93728907,40.80189861,active
LINK-000913,-73.93673443,40.8026609,active
LINK-000914,-73.93627,40.80287,active
LINK-000915,-73.93610685,40.80351567,active
LINK-000916,-73.936139,40.803731,active
LINK-000918,-73.96358324,40.76587983,active
LINK-000919,-73.98184115,40.76956574,active
LINK-000920,-73.98192926,40.76981619,active
LINK-000922,-73.98250198,40.76983868,active
LINK-000924,-73.98193,40.773806,active
LINK-000926,-73.98200508,40.77472311,active
LINK-000927,-73.982388,40.774913,active
LINK-000928,-73.982571,40.774894,active
LINK-000929,-73.98251236,40.77475903,active
LINK-000930,-73.98239982,40.77464584,active
LINK-000932,-73.98182879,40.77539028,active
LINK-000933,-73.981973,40.775532,active
LINK-000934,-73.98235021,40.77579496,active
LINK-000936,-73.98196294,40.77600984,active
LINK-000937,-73.98193739,40.77631103,active
LINK-000938,-73.98232347,40.77662556,installed
LINK-000939,-73.98242959,40.77647319,active
LINK-000942,-73.98190427,40.77713717,active
LINK-000944,-73.98225464,40.77814804,active
LINK-000945,-73.98217819,40.77860683,active
LINK-000946,-73.98205439,40.77909594,active
LINK-000947,-73.98198995,40.77933083,active
LINK-000949,-73.98139599,40.78001947,active
LINK-000951,-73.98131051,40.78032124,active
LINK-000952,-73.98117276,40.78082575,active
LINK-000954,-73.98157091,40.78081899,active
LINK-000955,-73.98152267,40.78099279,active
LINK-000957,-73.980961,40.781474,active
LINK-000958,-73.98080903,40.78170535,active
LINK-000959,-73.98083572,40.78185329,active
LINK-000960,-73.981184,40.781984,active
LINK-000962,-73.9804764,40.78228509,installed
LINK-000963,-73.98058629,40.78252808,active
LINK-000966,-73.98070878,40.78312136,active
LINK-000967,-73.9808485,40.78325962,active
LINK-000968,-73.980253,40.783191,active
LINK-000969,-73.980123,40.783373,active
LINK-000970,-73.97975218,40.78364875,active
LINK-000971,-73.979708,40.78392,active
LINK-000972,-73.979996,40.784128,active
LINK-000973,-73.9797962,40.78442303,installed
LINK-000974,-73.97977572,40.78460807,active
LINK-000975,-73.979564,40.784712,active
LINK-000976,-73.979224,40.784564,active
LINK-000978,-73.97880715,40.78502125,active
LINK-000979,-73.97863267,40.78506849,active
LINK-000981,-73.97924562,40.78513453,active
LINK-000983,-73.97878535,40.78575329,active
LINK-000985,-73.97829312,40.78581305,active
LINK-000986,-73.97843851,40.78561298,active
LINK-000987,-73.97799347,40.78622273,active
LINK-000989,-73.977698,40.786207,active
LINK-000990,-73.97776529,40.78651948,active
LINK-000991,-73.9783,40.786403,active
LINK-000992,-73.977832,40.787028,active
LINK-000994,-73.97764565,40.78724687,active
LINK-000995,-73.97748309,40.78689604,active
LINK-000997,-73.97655103,40.78800168,active
LINK-001006,-73.926847,40.819886,active
LINK-001009,-73.99218679,40.69934194,active
LINK-001010,-73.99302857,40.69758777,active
LINK-001011,-73.99126379,40.69607044,active
LINK-001017,-73.98638427,40.69123398,active
LINK-001032,-73.984481,40.690588,active
LINK-001043,-73.997387,40.660871,active
LINK-001045,-73.998822,40.659902,active
LINK-001046,-73.99898564,40.65974544,active
LINK-001048,-74.002446,40.656011,active
LINK-001049,-74.00525819,40.65371111,active
LINK-001059,-73.992259,40.662588,active
LINK-001076,-73.96286903,40.673692,active
LINK-001078,-73.960581,40.660852,active
LINK-001080,-73.960426,40.658911,active
LINK-001087,-73.94651287,40.65102676,active
LINK-001089,-73.9439693,40.65104682,active
LINK-001091,-73.940166,40.651341,active
LINK-001108,-73.8362804,40.69756287,active
LINK-001109,-73.83383439,40.69889972,active
LINK-001111,-73.83160899,40.69975447,active
LINK-001112,-73.8311312,40.69988783,active
LINK-001113,-73.83093211,40.69984112,active
LINK-001114,-73.8309137,40.70015865,active
LINK-001115,-73.82655102,40.70086445,active
LINK-001116,-73.82620488,40.70092643,active
LINK-001117,-73.824719,40.70104,active
LINK-001122,-73.82980897,40.71316697,active
LINK-001123,-73.836262,40.717664,active
LINK-001125,-73.839741,40.719293,active
LINK-001129,-73.84488371,40.72152582,active
LINK-001130,-73.852197,40.726082,active
LINK-001131,-73.85251864,40.72624127,active
LINK-001134,-73.858076,40.728299,active
LINK-001140,-73.87470458,40.73454516,active
LINK-001141,-73.87546,40.734923,active
LINK-001144,-73.88093968,40.73720596,active
LINK-001147,-73.886253,40.738208,active
LINK-001149,-73.904656,40.741288,active
LINK-001152,-73.91854,40.742912,active
LINK-001154,-73.9206815,40.74306271,active
LINK-001155,-73.921257,40.743221,active
LINK-001159,-73.926455,40.743823,active
LINK-001160,-73.92692611,40.74387741,active
LINK-001161,-73.927772,40.743976,active
LINK-001194,-73.929829,40.744151,active
LINK-001195,-73.930399,40.744278,active
LINK-001290,-73.9516172,40.74318379,active
LINK-001353,-73.89719293,40.86732884,active
LINK-001354,-73.89764488,40.86737055,active
LINK-001355,-73.929992,40.75191,active
LINK-001356,-73.927493,40.751953,active
LINK-001357,-73.91232033,40.75336987,active
LINK-001359,-73.90009406,40.75391039,active
LINK-001362,-73.893639,40.754507,active
LINK-001363,-73.915848,40.839445,active
LINK-001364,-73.905076,40.853028,active
LINK-001365,-73.901091,40.857756,active
LINK-001473,-73.881778,40.755835,active
LINK-001481,-73.975391,40.789424,active
LINK-001482,-73.97504101,40.78945727,active
LINK-001484,-73.974767,40.790053,active
LINK-001486,-73.974793,40.790235,active
LINK-001487,-73.974462,40.79069,active
LINK-001488,-73.97430229,40.79090129,active
LINK-001490,-73.97481,40.790818,active
LINK-001492,-73.973822,40.791401,active
LINK-001495,-73.973425,40.791943,active
LINK-001496,-73.973761,40.792255,active
LINK-001497,-73.97312473,40.79253447,active
LINK-001498,-73.97343761,40.79269555,active
LINK-001499,-73.97328857,40.79288708,active
LINK-001500,-73.97304342,40.79342581,active
LINK-001501,-73.97264858,40.79318087,active
LINK-001502,-73.97203479,40.79382166,active
LINK-001503,-73.97256708,40.79404227,active
LINK-001504,-73.97157309,40.79446154,active
LINK-001505,-73.97185626,40.79489566,active
LINK-001507,-73.971048,40.795171,active
LINK-001539,-73.9707519,40.7957738,active
LINK-001540,-73.970931,40.796138,active
LINK-001542,-73.970619,40.796566,active
LINK-001543,-73.97065155,40.79676125,active
LINK-001545,-73.97027901,40.79642525,active
LINK-001546,-73.9696072,40.79714851,active
LINK-001547,-73.96965239,40.79728379,active
LINK-001548,-73.970011,40.797394,installed
LINK-001552,-73.96924393,40.79770166,active
LINK-001553,-73.969557,40.798018,active
LINK-001554,-73.969093,40.79865,active
LINK-001555,-73.96880907,40.79904235,active
LINK-001556,-73.968326,40.798954,active
LINK-001557,-73.96823224,40.79933067,active
LINK-001558,-73.96796962,40.7996299,active
LINK-001594,-73.96783287,40.80030025,active
LINK-001595,-73.967782,40.800581,active
LINK-001596,-73.96826,40.800681,installed
LINK-001597,-73.96818631,40.80047593,active
LINK-001599,-73.967707,40.801084,active
LINK-001600,-73.967493,40.802126,active
LINK-001601,-73.967585,40.802298,active
LINK-001602,-73.968149,40.802455,active
LINK-001603,-73.967461,40.802736,active
LINK-001604,-73.967379,40.802944,active
LINK-001605,-73.967381,40.803721,active
LINK-001606,-73.96670754,40.80386123,active
LINK-001608,-73.96678806,40.80511381,installed
LINK-001609,-73.9659025,40.80495915,active
LINK-001610,-73.96566952,40.80527964,active
LINK-001612,-73.9655261,40.80547204,active
LINK-001675,-73.97414806,40.75096552,active
LINK-001676,-73.965081,40.805923,active
LINK-001677,-73.95579589,40.81881338,active
LINK-001678,-73.95526804,40.82027959,active
LINK-001680,-73.95480753,40.82076419,active
LINK-001682,-73.953676,40.822319,active
LINK-001683,-73.953007,40.822495,active
LINK-001684,-73.953041,40.823326,active
LINK-001685,-73.95258142,40.82382134,active
LINK-001688,-73.96421034,40.80804124,active
LINK-001689,-73.964488,40.807508,active
LINK-001690,-73.96464555,40.80729581,active
LINK-001691,-73.965108,40.80676,active
LINK-001695,-73.951597,40.824559,active
LINK-001696,-73.9516557,40.8250896,active
LINK-001697,-73.95148795,40.82531855,active
LINK-001699,-73.950907,40.825508,active
LINK-001702,-73.950482,40.82609,active
LINK-001703,-73.95071631,40.82637629,active
LINK-001705,-73.947868,40.825446,active
LINK-001706,-73.947604,40.825419,active
LINK-001710,-74.11216061,40.56175506,active
LINK-001712,-74.11422426,40.56585176,active
LINK-001714,-74.10965729,40.57031185,active
LINK-001715,-74.109918,40.570635,active
LINK-001716,-74.11408666,40.57285319,active
LINK-001749,-74.103479,40.576541,active
LINK-001750,-74.10231,40.577771,active
LINK-001752,-74.100732,40.590983,active
LINK-001756,-74.08620985,40.59545604,active
LINK-001757,-74.08262136,40.59839673,active
LINK-001773,-73.89873,40.867627,active
LINK-001774,-73.8995757,40.86782871,active
LINK-001777,-73.90031404,40.86231329,active
LINK-001780,-73.902369,40.86063,active
LINK-001785,-73.921747,40.831467,active
LINK-001786,-73.92390599,40.82765532,active
LINK-001787,-73.90555222,40.85304298,active
LINK-001788,-73.905403,40.853157,active
LINK-001791,-73.928165,40.818676,active
LINK-001792,-73.92837,40.818942,active
LINK-001820,-73.79220518,40.70635736,active
LINK-001821,-73.792368,40.706507,active
LINK-001824,-73.830838,40.713983,active
LINK-001827,-73.833513,40.715758,active
LINK-002056,-73.949868,40.826928,active
LINK-002057,-73.95022615,40.82704355,active
LINK-002058,-73.95002586,40.82732011,active
LINK-002059,-73.949581,40.827932,active
LINK-002061,-73.949288,40.82758,active
LINK-002062,-73.949017,40.828097,active
LINK-002064,-73.94913226,40.82854185,active
LINK-002065,-73.94886891,40.82903713,active
LINK-002066,-73.948046,40.829424,active
LINK-002067,-73.94764707,40.82934138,active
LINK-002068,-73.947866,40.829675,active
LINK-002069,-73.948201,40.829809,active
LINK-002070,-73.94791148,40.83020903,active
LINK-002072,-73.947195,40.830586,active
LINK-002073,-73.946986,40.830876,active
LINK-002074,-73.94477152,40.83391054,active
LINK-002075,-73.944329,40.834513,active
LINK-002076,-73.944176,40.834722,active
LINK-002078,-73.944011,40.835546,active
LINK-002079,-73.943873,40.835135,active
LINK-002082,-73.943186,40.836081,installed
LINK-002084,-73.942787,40.836501,active
LINK-002118,-73.942288,40.837104,active
LINK-002214,-73.963959,40.682932,active
LINK-002234,-73.97820169,40.68788961,active
LINK-002241,-73.951381,40.680556,active
LINK-002337,-73.943843,40.680015,active
LINK-002341,-73.924424,40.67896,active
LINK-002342,-73.927098,40.679232,active
LINK-002345,-73.916507,40.678654,active
LINK-002347,-73.911008,40.678354,active
LINK-002348,-73.908374,40.678079,active
LINK-002351,-73.869636,40.684317,active
LINK-002455,-73.958717,40.6688,active
LINK-002456,-73.95826142,40.66965209,active
LINK-002457,-73.95817186,40.67031776,active
LINK-002525,-73.98371008,40.6886723,active
LINK-002526,-73.98247226,40.68844943,active
LINK-002528,-73.98128393,40.68781362,active
LINK-002533,-73.97637079,40.68696059,active
LINK-002667,-73.989159,40.665618,active
LINK-002668,-73.987979,40.667305,active
LINK-002670,-73.97744609,40.6807318,active
LINK-002674,-73.93187521,40.74445002,active
LINK-002677,-74.00101556,40.7180331,active
LINK-002678,-74.000962,40.717828,active
LINK-002679,-74.00151938,40.71748211,active
LINK-002680,-74.00173929,40.71724104,active
LINK-002681,-74.002253,40.716682,active
LINK-002682,-74.00257,40.716033,active
LINK-002683,-74.00266673,40.71548409,active
LINK-003010,-73.99105603,40.73389175,active
LINK-003015,-73.98592802,40.73115701,active
LINK-003226,-73.985739,40.73108,active
LINK-003227,-73.98638945,40.73053706,active
LINK-003228,-73.985882,40.730881,active
LINK-003229,-73.986348,40.730249,active
LINK-003230,-73.987081,40.729236,active
LINK-003231,-73.98791444,40.72875565,active
LINK-003232,-73.98787592,40.72848039,active
LINK-003234,-73.98781752,40.72823169,active
LINK-003235,-73.987965,40.728027,active
LINK-003236,-73.98812504,40.72815774,active
LINK-003237,-73.98837167,40.72745986,active
LINK-003239,-73.989248,40.726263,active
LINK-003240,-73.98935062,40.72647126,active
LINK-003241,-73.989403,40.726049,active
LINK-003242,-73.989698,40.725641,active
LINK-003244,-73.993343,40.721716,active
LINK-003247,-73.99407509,40.72059636,active
LINK-003249,-73.99406649,40.71990707,active
LINK-003263,-74.005126,40.715712,installed
LINK-003268,-74.0065117,40.71420865,installed
LINK-003308,-73.985832,40.758022,active
LINK-003309,-73.984342,40.759971,active
LINK-003311,-73.984131,40.759713,active
LINK-003312,-73.98369329,40.76032636,active
LINK-003313,-73.9835375,40.76052662,active
LINK-003315,-73.98309028,40.76114197,active
LINK-003316,-73.982996,40.76164,active
LINK-003352,-73.982552,40.762366,active
LINK-003354,-73.981711,40.763036,active
LINK-003357,-73.98047755,40.7647181,active
LINK-003358,-73.98073089,40.76487454,active
LINK-003474,-73.97104466,40.79331,active
LINK-003475,-73.97088677,40.7935244,active
LINK-003477,-73.970376,40.793867,installed
LINK-003478,-73.97057117,40.79396219,active
LINK-003479,-73.97005104,40.79467259,active
LINK-003480,-73.969837,40.794604,active
LINK-003481,-73.96981,40.795005,active
LINK-003482,-73.96941887,40.79554394,active
LINK-003483,-73.968849,40.795951,active
LINK-003799,-73.968682,40.796533,active
LINK-003835,-73.96864684,40.79673748,active
LINK-003871,-73.968542,40.796374,active
LINK-003872,-73.96822346,40.79717824,active
LINK-003873,-73.96807,40.797391,active
LINK-003874,-73.96784046,40.79770007,active
LINK-003875,-73.96774773,40.79782619,active
LINK-003911,-73.96760332,40.79802733,active
LINK-003912,-73.96726529,40.79847664,active
LINK-003914,-73.981853,40.777921,active
LINK-003916,-73.981665,40.778381,active
LINK-003917,-73.966917,40.803579,active
LINK-003918,-73.965995,40.804835,active
LINK-004657,-73.9668303,40.79908844,active
LINK-004661,-73.949738,40.827117,active
LINK-004664,-73.93878768,40.84449293,installed
LINK-004809,-73.96610661,40.80050433,active
LINK-004812,-73.96493891,40.80104973,installed
LINK-004816,-73.958889,40.809965,active
LINK-004817,-73.958744,40.810163,active
LINK-004818,-73.958321,40.810378,active
LINK-004820,-73.957517,40.811845,installed
LINK-004821,-73.95618997,40.81366899,active
LINK-004822,-73.954837,40.81515,active
LINK-005208,-73.95450726,40.81559377,active
LINK-005209,-73.95436371,40.8157996,active
LINK-005211,-73.952755,40.818371,active
LINK-005212,-73.951942,40.8196,active
LINK-005213,-73.950863,40.82096,active
LINK-005215,-73.950118,40.822212,active
LINK-005216,-73.9499056,40.82226783,active
LINK-005217,-73.94964029,40.82263345,active
LINK-005218,-73.94901382,40.82312201,active
LINK-005220,-73.947909,40.824646,active
LINK-005221,-73.94695314,40.82594748,active
LINK-005400,-74.11267359,40.57210026,active
LINK-005402,-74.113383,40.57262,active
LINK-005407,-74.116075,40.563843,active
LINK-005414,-74.101669,40.578802,active
LINK-005418,-74.10267054,40.57739083,active
LINK-005422,-73.92921294,40.81888599,active
LINK-005426,-73.92590252,40.82755199,active
LINK-005427,-73.92522252,40.82735593,active
LINK-005430,-73.9248328,40.82782471,active
LINK-005435,-73.92264499,40.831543,active
LINK-005578,-73.90070588,40.86810029,active
LINK-005579,-73.896537,40.867038,active
LINK-005582,-73.89565372,40.86658827,active
LINK-005725,-73.9730618,40.67758878,active
LINK-005775,-73.97183554,40.67613405,active
LINK-005779,-73.962694,40.672748,active
LINK-005782,-73.963553,40.675659,active
LINK-005877,-73.952134,40.824578,active
LINK-005878,-73.95349829,40.82270396,active
LINK-005879,-73.95331,40.821918,active
LINK-005882,-73.95937,40.81450454,active
LINK-005931,-73.96605183,40.80551623,active
LINK-005932,-73.93635101,40.80383418,active
LINK-005933,-73.93646798,40.80263697,installed
LINK-006026,-73.9390355,40.79950465,active
LINK-006027,-73.94478351,40.79120304,active
LINK-006028,-73.9389231,40.79965855,active
LINK-006029,-73.95902951,40.80941222,active
LINK-006031,-73.953007,40.817656,active
LINK-006032,-73.94644065,40.82719623,active
LINK-006033,-73.946043,40.827195,active
LINK-006035,-73.94375597,40.83033563,active
LINK-006037,-73.942327,40.832283,active
LINK-006038,-73.94226576,40.83273107,active
LINK-006039,-73.94174,40.833447,active
LINK-006040,-73.94144661,40.83386084,active
LINK-006041,-73.94115905,40.83424538,active
LINK-006042,-73.940919,40.834078,active
LINK-006043,-73.94047731,40.83481514,active
LINK-006138,-73.95745774,40.672302,active
LINK-006140,-73.96361018,40.67640751,active
LINK-006141,-73.98192018,40.68745727,active
LINK-006143,-73.9879984,40.69059444,active
LINK-006150,-73.96927886,40.798538,active
LINK-006197,-73.925474,40.679143,active
LINK-006860,-73.95447974,40.74188244,active
LINK-006861,-73.838184,40.718602,active
LINK-006867,-73.88571747,40.73810857,active
LINK-006873,-73.84284541,40.72067138,active
LINK-006876,-73.838976,40.718953,active
LINK-006880,-73.83680527,40.71796031,active
LINK-006882,-73.83549622,40.71721235,active
LINK-006885,-73.832341,40.714861,active
LINK-006987,-73.82816,40.711072,active
LINK-007082,-73.98570283,40.75786907,active
LINK-007083,-73.98587842,40.75766558,active
LINK-007084,-73.98663358,40.75663815,active
LINK-007085,-73.98094971,40.77426628,active
LINK-007086,-73.981404,40.773657,active
LINK-007136,-73.95212666,40.74291934,active
LINK-007143,-73.982777,40.777227,active
LINK-007144,-73.98301515,40.77653006,active
LINK-007145,-73.983247,40.775999,active
LINK-007147,-73.98363296,40.77606852,active
LINK-007148,-73.9793497,40.76664932,active
LINK-007149,-73.98471931,40.76399635,active
LINK-007150,-73.98498723,40.76361577,active
LINK-007244,-73.986581,40.754144,active
LINK-007299,-73.9748182,40.74930073,active
LINK-007300,-73.97332638,40.74867273,active
LINK-007302,-73.973319,40.748513,active
LINK-007322,-73.97296141,40.74857853,active
LINK-007628,-73.972507,40.749203,active
LINK-007629,-73.97275057,40.74929182,active
LINK-007631,-73.97065717,40.75163236,active
LINK-007632,-73.97052358,40.75234297,active
LINK-007634,-73.969261,40.753496,active
LINK-007635,-73.968836,40.754138,active
LINK-007636,-73.96855237,40.75504319,active
LINK-007637,-73.968444,40.755193,active
LINK-007638,-73.968041,40.755335,active
LINK-007639,-73.96746716,40.75601841,active
LINK-007870,-73.96698,40.75678,active
LINK-007871,-73.96652752,40.75741739,active
LINK-007872,-73.96642136,40.7579749,active
LINK-007876,-73.958069,40.773006,active
LINK-008199,-74.007972,40.724065,installed
LINK-008200,-74.00755377,40.72533498,active
LINK-008202,-74.007487,40.726889,active
LINK-008203,-74.00698658,40.72797798,active
LINK-008211,-73.996012,40.748482,active
LINK-008212,-74.00372466,40.74341383,active
LINK-008214,-74.00436342,40.74212485,installed
LINK-008215,-73.99407922,40.73116016,active
LINK-008221,-73.98665837,40.72983073,active
LINK-008223,-73.989008,40.730578,installed
LINK-008224,-73.988685,40.731015,active
LINK-008225,-73.98857914,40.73157049,active
LINK-008226,-73.98813515,40.73177664,active
LINK-008227,-73.987938,40.732039,active
LINK-008229,-73.993454,40.721425,active
LINK-008230,-73.99494009,40.71791958,active
LINK-008239,-74.004974,40.719679,active
LINK-008245,-73.98926217,40.73023165,active
LINK-008295,-73.98985,40.719215,active
LINK-008296,-73.9883901,40.72357993,active
LINK-008302,-73.98532503,40.72779351,active
LINK-008303,-73.985083,40.728126,active
LINK-008305,-73.98468,40.728824,active
LINK-008307,-73.98319263,40.73030035,active
LINK-008590,-73.994742,40.736387,active
LINK-008689,-73.99248875,40.74861534,active
LINK-008693,-73.99100163,40.74557814,active
LINK-008694,-73.991375,40.744668,active
LINK-008695,-73.99403913,40.74596848,active
LINK-008696,-73.99428583,40.74615485,active
LINK-008837,-73.985367,40.744742,active
LINK-008838,-73.984639,40.745126,active
LINK-008840,-73.98620711,40.74670887,active
LINK-008842,-73.98524463,40.74711441,active
LINK-008843,-73.98483344,40.74773664,active
LINK-009081,-73.980862,40.689026,active
LINK-009082,-73.9810645,40.74688075,active
LINK-009918,-73.99113025,40.75048843,active
LINK-010160,-73.98401196,40.76023532,active
LINK-010161,-73.98463666,40.75937884,active
LINK-010171,-73.97699037,40.7592052,active
LINK-010173,-73.97473228,40.76246755,active
LINK-010174,-73.97119784,40.76425414,active
LINK-010177,-73.96558891,40.75868871,active
LINK-010191,-73.94648352,40.800446,active
LINK-010198,-73.88597436,40.84183354,active
LINK-010208,-73.92220947,40.80890966,active
LINK-010216,-73.95278868,40.80732567,active
LINK-010251,-73.90095411,40.85054841,active
LINK-010257,-73.93780684,40.84356713,active
LINK-010258,-73.93347331,40.84985449,active
LINK-010259,-73.93100715,40.85285737,active
LINK-010260,-73.93334198,40.85003751,active
LINK-010262,-73.94948944,40.81265566,active
LINK-010265,-73.93332247,40.84969774,active
LINK-010271,-73.92940254,40.85541608,active
LINK-010274,-73.9289967,40.85561537,active
LINK-010287,-73.91021789,40.85434622,active
LINK-010297,-73.996549,40.74267426,active
LINK-010317,-73.907899,40.853764,active
LINK-010320,-73.98809867,40.76956734,active
LINK-010328,-73.95091962,40.66416648,active
LINK-010332,-73.91917137,40.81399752,active
LINK-010336,-73.92201908,40.76047267,active
LINK-010337,-73.921216,40.760095,active
LINK-010338,-73.91801561,40.75859125,active
LINK-010339,-73.88507204,40.7496063,active
LINK-010340,-73.91730276,40.76490229,active
LINK-010341,-73.95184032,40.80943715,active
LINK-010345,-73.950407,40.805827,active
LINK-010346,-73.95170768,40.8092681,active
LINK-010349,-73.94591692,40.81197343,active
LINK-010350,-73.957067,40.801938,active
LINK-010356,-73.9478767,40.81486349,active
LINK-010357,-73.95214914,40.80899649,active
LINK-010360,-73.951496,40.725456,active
LINK-010367,-73.95282089,40.77823256,active
LINK-010368,-73.91644985,40.81876868,active
LINK-010402,-73.9601529,40.76191027,active
LINK-010405,-73.93750775,40.8240811,active
LINK-010406,-73.95141341,40.81002334,active
LINK-010430,-73.88549761,40.74753882,active
LINK-010434,-73.95052895,40.70682217,active
LINK-010440,-73.845226,40.695225,active
LINK-010447,-73.942908,40.701419,active
LINK-010448,-73.94996349,40.70537096,active
LINK-010455,-73.95419488,40.70720786,active
LINK-010460,-73.91526202,40.81792619,active
LINK-010501,-73.93059918,40.76453793,active
LINK-010558,-73.92485555,40.76164578,active
LINK-010567,-73.95080928,40.66734613,active
LINK-010606,-74.00677204,40.71502742,installed
LINK-010610,-73.97246279,40.78577388,active
LINK-010614,-74.003811,40.753067,installed
LINK-010615,-74.00421615,40.7529434,active
LINK-010616,-74.00475581,40.75219823,active
LINK-010617,-74.00491217,40.75196913,active
LINK-010618,-74.0051459,40.75123392,active
LINK-010633,-73.97340729,40.78461205,installed
LINK-010634,-73.97641054,40.7887051,active
LINK-010636,-73.97518371,40.78253997,active
LINK-010637,-73.97381614,40.78442334,active
LINK-010646,-74.00581555,40.75074558,active
LINK-010650,-73.96397801,40.75629836,installed
LINK-010664,-73.97544551,40.74559596,active
LINK-010673,-73.98324818,40.74425922,active
LINK-010675,-73.97298135,40.79030079,active
LINK-010681,-73.96770405,40.79280441,active
LINK-010682,-73.96964431,40.7895412,installed
LINK-010683,-73.97262871,40.78568185,active
LINK-010684,-73.98581619,40.74642561,active
LINK-010696,-73.97899987,40.78240982,installed
LINK-010697,-73.9599541,40.77956091,installed
LINK-010703,-73.96418188,40.7562636,installed
LINK-010708,-74.000048,40.71819776,active
LINK-010713,-73.99248961,40.71450806,active
LINK-010715,-73.96223547,40.7636906,active
LINK-010720,-74.00350218,40.72711527,active
LINK-010721,-74.00119407,40.73188717,active
LINK-010722,-74.00523226,40.72780341,installed
LINK-010726,-73.99663087,40.71903975,installed
LINK-010733,-74.00540707,40.72728365,installed
LINK-010737,-74.00023841,40.73288433,active
LINK-010741,-73.9742489,40.78382538,active
LINK-010745,-73.95536175,40.76837393,active
LINK-010750,-74.00662855,40.73025769,active
LINK-010754,-73.96782908,40.75617415,installed
LINK-010755,-73.97789516,40.74223411,active
LINK-010761,-73.97976183,40.73925317,installed
LINK-010764,-73.99286971,40.76338512,active
LINK-010766,-73.95968089,40.77945381,active
LINK-010784,-73.96108153,40.80149765,active
LINK-010785,-73.98703948,40.72500355,active
LINK-010786,-73.96700524,40.79340209,installed
LINK-010787,-73.96166314,40.76035998,active
LINK-010788,-73.96153957,40.77691823,active
LINK-010790,-73.96660446,40.77051657,active
LINK-010792,-73.969308,40.766736,active
LINK-010795,-73.97188144,40.78707884,active
LINK-010797,-73.97148731,40.79270287,active
LINK-010798,-73.97844368,40.77737709,active
LINK-010802,-73.989421,40.721773,active
LINK-010803,-73.9832813,40.72996268,active
LINK-010805,-73.970303,40.764821,active
LINK-010807,-73.98641999,40.74275953,active
LINK-010808,-74.0065562,40.72056775,installed
LINK-010811,-73.99326129,40.74208082,active
LINK-010812,-73.98538074,40.74232206,active
LINK-010823,-73.96672853,40.75254917,active
LINK-010826,-73.96964871,40.7536606,active
LINK-010831,-73.99149319,40.76527687,active
LINK-010832,-73.97619,40.744154,active
LINK-010833,-73.99036533,40.75153962,active
LINK-010843,-74.00641536,40.73230778,active
LINK-010844,-74.00567121,40.73827778,installed
LINK-010846,-73.99820283,40.76065999,installed
LINK-010852,-73.9617454,40.80059158,active
LINK-010853,-73.97913747,40.78186119,active
LINK-010857,-73.99915159,40.73439251,active
LINK-010860,-73.96381797,40.75687875,active
LINK-010861,-73.96321332,40.75770122,active
LINK-010862,-73.96359345,40.75760431,active
LINK-010870,-74.00528546,40.73879783,pending
LINK-010871,-74.00640751,40.73159252,active
LINK-010872,-73.98947427,40.71950376,active
LINK-010874,-73.97205515,40.78633453,installed
LINK-010882,-73.96676342,40.76974939,active
LINK-010890,-73.92295481,40.81675132,active
LINK-010896,-73.98511899,40.72764987,active
LINK-010897,-73.94624056,40.8007812,active
LINK-010900,-73.99715554,40.73653988,active
LINK-010914,-73.93145198,40.85225684,active
LINK-010917,-73.93536211,40.84727016,active
LINK-010919,-73.96094657,40.77760614,active
LINK-010930,-73.93725917,40.84468912,active
LINK-010933,-73.96785533,40.80298423,active
LINK-010934,-73.97197865,40.7920348,active
LINK-010942,-73.948844,40.823361,active
LINK-010946,-73.942682,40.703654,active
LINK-010956,-73.94188652,40.83274898,active
LINK-010975,-73.94925939,40.82266347,active
LINK-010979,-73.92421781,40.76150726,active
LINK-010981,-73.92211147,40.76730678,active
LINK-010982,-73.96194569,40.80069,active
LINK-010990,-73.98452873,40.74575598,active
LINK-010991,-74.00813878,40.72311759,active
LINK-010992,-74.00797977,40.72287042,active
LINK-010993,-73.88970545,40.74696638,active
LINK-010997,-73.93565287,40.84687477,installed
LINK-010999,-73.8478444,40.69469686,active
LINK-011000,-73.99328247,40.73663894,active
LINK-011001,-73.98513107,40.73192289,active
LINK-011003,-73.99336333,40.74741879,active
LINK-011005,-73.99915027,40.73910655,active
LINK-011006,-73.99938138,40.7391558,installed
LINK-011008,-73.99147237,40.74493317,active
LINK-011014,-73.98229109,40.73616484,active
LINK-011029,-73.91700042,40.80737752,active
LINK-011033,-73.90196472,40.86176218,active
LINK-011039,-73.8846895,40.74748994,active
LINK-011040,-73.93727923,40.82900248,installed
LINK-011042,-73.91849412,40.75881765,active
LINK-011048,-73.96800953,40.79237863,active
LINK-011059,-73.87816548,40.74831104,active
LINK-011068,-73.98284709,40.73076722,active
LINK-011071,-73.99300348,40.74282792,active
LINK-011073,-73.94141973,40.74766699,active
LINK-011075,-73.97946572,40.73964666,installed
LINK-011080,-73.98684237,40.72529099,active
LINK-011082,-74.00444413,40.74241855,installed
LINK-011086,-73.8888199,40.74705911,active
LINK-011088,-73.96632817,40.80439875,active
LINK-011092,-73.89214477,40.74671112,active
LINK-011094,-73.95646462,40.76695173,active
LINK-011095,-73.9928116,40.7430973,active
LINK-011098,-73.94192414,40.81802907,active
LINK-011100,-73.93583333,40.84662333,active
LINK-011103,-73.88464352,40.74762687,active
LINK-011104,-73.99439314,40.74051298,active
LINK-011105,-73.9939631,40.74151493,active
LINK-011106,-73.99320916,40.74254842,active
LINK-011109,-73.98397945,40.72921987,active
LINK-011110,-73.98822418,40.72380705,active
LINK-011111,-73.97141311,40.78769783,active
LINK-011115,-73.87062416,40.7491117,active
LINK-011116,-73.87146338,40.74887831,active
LINK-011120,-73.92071953,40.75312177,active
LINK-011127,-73.97059306,40.75183416,active
LINK-011130,-73.99158984,40.76478628,active
LINK-011133,-73.99799948,40.74068566,active
LINK-011138,-73.9813679,40.737088,active
LINK-011149,-73.938202,40.82312447,active
LINK-011150,-73.87420307,40.74859468,active
LINK-011151,-73.98115859,40.73737306,active
LINK-011156,-73.98233804,40.77623753,active
LINK-011158,-73.98254791,40.73160198,active
LINK-011159,-73.95600349,40.8033996,active
LINK-011172,-73.888492,40.74722343,active
LINK-011173,-73.87951058,40.74816825,active
LINK-011177,-73.9466648,40.82670709,active
LINK-011178,-73.98186157,40.73675561,active
LINK-011179,-73.97382819,40.74739525,active
LINK-011180,-73.97360371,40.74812083,active
LINK-011182,-73.95329055,40.82285389,active
LINK-011183,-73.96817662,40.79179421,installed
LINK-011189,-73.97089386,40.79316136,active
LINK-011194,-73.89121486,40.74679775,active
LINK-011198,-73.88227031,40.74774238,active
LINK-011200,-73.88138742,40.74797068,active
LINK-011205,-73.8729333,40.7488692,active
LINK-011207,-73.87439289,40.74870842,active
LINK-011208,-73.92905463,40.75227852,active
LINK-011214,-73.97189334,40.75045756,active
LINK-011227,-73.94207451,40.81782145,active
LINK-011231,-73.99026177,40.7664369,active
LINK-011251,-73.8820337,40.74799093,active
LINK-011252,-73.8857513,40.74760297,active
LINK-011258,-73.88092373,40.74801962,active
LINK-011259,-73.88761509,40.74741228,active
LINK-011268,-73.90745354,40.75313917,active
LINK-011271,-73.908266,40.851329,active
LINK-011291,-73.9308176,40.85312181,active
LINK-011295,-73.940075,40.835729,active
LINK-011299,-73.935456,40.846771,active
LINK-011303,-73.9340696,40.84867304,active
LINK-011315,-73.93810732,40.79636046,active
LINK-011320,-73.93287,40.850683,active
LINK-011337,-73.94496616,40.80014153,active
LINK-011338,-73.93810707,40.80383351,active
LINK-011358,-73.945436,40.834974,active
LINK-011370,-73.93224896,40.8511646,active
LINK-011373,-73.85118474,40.69396285,active
LINK-011377,-74.00387699,40.73290856,installed
LINK-011378,-73.93776628,40.79682481,active
LINK-011379,-73.93470439,40.80140456,active
LINK-011383,-73.90003051,40.84909302,active
LINK-011397,-73.91402994,40.82364629,active
LINK-011415,-73.912336,40.755764,active
LINK-011417,-73.919649,40.759199,active
LINK-011423,-74.00654892,40.65574578,active
LINK-011425,-73.91366803,40.81948845,active
LINK-011428,-73.86643426,40.75744562,active
LINK-011438,-73.94509159,40.83328532,active
LINK-011446,-73.91254129,40.76266328,active
LINK-011461,-73.91424246,40.81886036,active
LINK-011469,-73.92127596,40.76676629,active
LINK-011473,-73.95676156,40.80236833,active
LINK-011474,-73.95648813,40.80302425,active
LINK-011495,-73.93133833,40.85241173,active
LINK-011500,-73.90899141,40.81312832,active
LINK-011501,-73.90897566,40.85187831,active
LINK-011510,-73.942563,40.702936,active
LINK-011512,-73.942287,40.702247,active
LINK-011536,-73.92939864,40.75418823,active
LINK-011542,-73.89219433,40.84618976,active
LINK-011544,-73.94791958,40.81444736,installed
LINK-011566,-73.98380229,40.73195957,active
LINK-011583,-73.893343,40.860027,active
LINK-011588,-73.90750182,40.85393036,active
LINK-011595,-73.949935,40.676752,active
LINK-011599,-73.91093862,40.76191296,active
LINK-011604,-73.949916,40.676976,active
LINK-011621,-73.89339767,40.84652245,active
LINK-011622,-73.97393282,40.68213254,active
LINK-011626,-73.932187,40.65159,active
LINK-011635,-73.95091335,40.66620283,active
LINK-011660,-73.912327,40.821437,active
LINK-011663,-73.89644355,40.86117438,active
LINK-011667,-73.907548,40.862685,active
LINK-011704,-73.95757439,40.64287503,active
LINK-011709,-73.91949122,40.81357503,active
LINK-011729,-73.950008,40.675965,active
LINK-011738,-73.92992035,40.85435846,active
LINK-011757,-73.89822056,40.84692617,active
LINK-011760,-73.83960659,40.6956028,active
LINK-011761,-73.950627,40.670115,active
LINK-011768,-73.950397,40.670147,active
LINK-011770,-73.92793528,40.7630995,active
LINK-011778,-73.95296626,40.74549641,active
LINK-011789,-73.91283823,40.82010249,active
LINK-011802,-74.00828534,40.65039017,active
LINK-011809,-73.98165945,40.73087757,active
LINK-011822,-73.93684737,40.84475573,installed
LINK-011824,-73.94252463,40.81738064,active
LINK-011851,-73.89994835,40.84740591,active
LINK-011861,-73.90938798,40.85384203,active
LINK-011874,-73.91147,40.84873,active
LINK-011876,-73.91430035,40.81855965,active
LINK-011877,-73.913388,40.819568,active
LINK-011905,-73.845595,40.695205,active
LINK-011906,-73.858948,40.692466,active
LINK-011912,-73.914259,40.763621,active
LINK-011971,-73.944659,40.818897,active
LINK-011980,-73.94842204,40.82966242,active
LINK-011982,-73.98597197,40.74349317,active
LINK-011998,-73.95384878,40.81120483,active
LINK-012012,-73.954886,40.7334,active
LINK-012026,-73.939589,40.835586,active
LINK-012038,-73.94594832,40.71444574,active
LINK-012042,-73.93177297,40.85183107,active
LINK-012080,-73.91648285,40.81667907,active
LINK-012113,-73.96127853,40.80124724,active
LINK-012117,-73.944206,40.713913,active
LINK-012120,-73.901951,40.846169,active
LINK-012130,-73.91962478,40.813367,active
LINK-012132,-73.92143417,40.81089649,active
LINK-012163,-73.946762,40.80007,active
LINK-012172,-73.91646687,40.81216272,active
LINK-012181,-73.993513,40.736806,active
LINK-012188,-73.98188075,40.7622099,active
LINK-012192,-74.00560969,40.71772575,active
LINK-012216,-73.99208429,40.7437055,active
LINK-012224,-73.977306,40.750237,active
LINK-012227,-73.98344153,40.76686129,active
LINK-012235,-73.99764592,40.71665239,active
LINK-012236,-73.9525944,40.77814082,active
LINK-012242,-74.00677065,40.72301338,installed
LINK-012249,-73.997578,40.716869,active
LINK-012250,-74.00627426,40.725666,installed
LINK-012255,-73.9877384,40.73809688,active
LINK-012278,-73.98106107,40.74705459,active
LINK-012291,-73.9902101,40.76668319,active
LINK-012297,-73.96139743,40.76094634,active
LINK-012298,-73.96321301,40.7619766,active
LINK-012299,-73.9565366,40.76728194,active
LINK-012317,-73.98908323,40.72048554,active
LINK-012325,-73.98593572,40.74671976,active
LINK-012326,-73.96335362,40.76214654,active
LINK-012328,-73.966995,40.763419,active
LINK-012330,-73.98948974,40.76766312,active
LINK-012333,-73.970823,40.764097,active
LINK-012359,-73.96459519,40.75581174,installed
LINK-012360,-73.95313791,40.77152635,active
LINK-012363,-73.96518956,40.75499065,active
LINK-012365,-73.96543425,40.7550807,active
LINK-012369,-73.9786294,40.77724121,installed
LINK-012370,-73.967597,40.768649,active
LINK-012372,-73.99799012,40.73598356,active
LINK-012375,-73.95920163,40.76321777,active
LINK-012376,-73.96997867,40.76621551,installed
LINK-012396,-73.98430909,40.72944908,active
LINK-012405,-73.97825829,40.7574068,active
LINK-012406,-73.96372269,40.77449753,active
LINK-012424,-73.98610433,40.72630382,active
LINK-012438,-73.97730732,40.74303942,active
LINK-012443,-73.93292644,40.8502485,active
LINK-012452,-73.97785338,40.77888904,installed
LINK-012454,-73.9723114,40.78665384,installed
LINK-012457,-73.968865,40.767364,active
LINK-012458,-73.978561,40.740894,installed
LINK-012462,-73.97568365,40.76111775,active
LINK-012472,-73.98965898,40.76778999,active
LINK-012482,-73.96346015,40.77428147,active
LINK-012484,-73.96011567,40.77879465,active
LINK-012486,-73.96390551,40.75717377,active
LINK-012502,-73.96891544,40.79078578,active
LINK-012503,-73.96418067,40.76104904,active
LINK-012510,-73.98107921,40.77496988,active
LINK-012513,-73.968364,40.768093,active
LINK-012517,-73.98236687,40.77544328,active
LINK-012528,-73.9827647,40.73152105,active
LINK-012532,-73.93976734,40.82596687,active
LINK-012535,-73.98096599,40.78094218,installed
LINK-012539,-73.94544961,40.83418925,active
LINK-012540,-73.94577543,40.82792507,active
LINK-012542,-73.94622593,40.82730494,active
LINK-012543,-73.94420042,40.82973306,active
LINK-012544,-73.94929876,40.82831959,active
LINK-012545,-73.97002379,40.78962178,installed
LINK-012553,-73.95903881,40.76343296,installed
LINK-012560,-74.00808439,40.72340371,active
LINK-012563,-73.98503716,40.74762726,active
LINK-012570,-73.99679984,40.74269967,active
LINK-012572,-73.97684323,40.74365854,pending
LINK-012573,-73.97904816,40.74023291,active
LINK-012574,-73.9792518,40.74036856,active
LINK-012575,-73.97907885,40.74061156,installed
LINK-012579,-73.99024141,40.74661929,active
LINK-012586,-73.92362684,40.75577655,active
LINK-012591,-73.9702839,40.78926318,active
LINK-012596,-73.98993307,40.76704736,active
LINK-012609,-73.98754894,40.74417468,active
LINK-012611,-73.88792592,40.74715289,active
LINK-012614,-73.98813678,40.75459325,active
LINK-012618,-73.96062004,40.76126735,active
LINK-012620,-73.99188287,40.7439707,active
LINK-012621,-73.9682952,40.80009304,active
LINK-012622,-73.97769449,40.74206862,active
LINK-012623,-73.97059943,40.79599586,active
LINK-012631,-73.98313231,40.74440678,active
LINK-012636,-74.00358788,40.74359974,active
LINK-012639,-73.97998543,40.73934123,active
LINK-012640,-73.9838785,40.74339468,active
LINK-012642,-73.99181959,40.76445589,active
LINK-012645,-73.98904337,40.76826158,active
LINK-012646,-73.99131194,40.76515921,active
LINK-012647,-73.99196653,40.76462448,active
LINK-012649,-73.98160829,40.7367472,active
LINK-012661,-73.99077541,40.74549407,active
LINK-012665,-73.99629565,40.7383024,active
LINK-012666,-73.95025609,40.80662994,active
LINK-012671,-73.95964853,40.76259531,installed
LINK-012673,-73.93536309,40.84751332,active
LINK-012676,-73.97893462,40.74122503,installed
LINK-012677,-73.98272283,40.74498361,installed
LINK-012679,-73.97106076,40.75118754,active
LINK-012682,-73.99119855,40.73916604,active
LINK-012685,-73.99336769,40.76233629,installed
LINK-012689,-73.99085201,40.76578851,active
LINK-012691,-73.99105738,40.7658753,active
LINK-012694,-73.99456317,40.74526758,active
LINK-012695,-73.98538547,40.74132322,active
LINK-012709,-73.99282602,40.73727988,active
LINK-012714,-73.98039603,40.73838376,active
LINK-012715,-73.96540561,40.75469528,active
LINK-012722,-73.98469437,40.73251879,active
LINK-012727,-73.99011216,40.75152164,active
LINK-012730,-73.98924679,40.7306716,active
LINK-012735,-73.98276825,40.74533995,active
LINK-012758,-73.97048243,40.78898616,active
LINK-012761,-73.93836455,40.82290225,active
LINK-012766,-73.97715884,40.74685005,active
LINK-012768,-73.934241,40.84844385,active
LINK-012769,-73.96915525,40.79044448,installed
LINK-012770,-73.95740873,40.76566545,active
LINK-012772,-73.98061045,40.7385025,active
LINK-012780,-73.97954419,40.73996264,active
LINK-012782,-73.9703352,40.78883163,active
LINK-012786,-73.87577475,40.74855095,active
LINK-012787,-73.87938648,40.74804918,active
LINK-012788,-73.96311539,40.79871675,installed
LINK-012790,-73.96597025,40.75375106,installed
LINK-012792,-73.97452006,40.74686754,active
LINK-012796,-73.99050599,40.7462509,active
LINK-012802,-73.99683036,40.74230081,active
LINK-012804,-73.95894778,40.76411658,installed
LINK-012805,-73.96208669,40.76389092,active
LINK-012809,-73.98705217,40.73946433,active
LINK-012814,-73.97007535,40.78918247,active
LINK-012818,-73.9982041,40.74077246,active
LINK-012822,-73.87181741,40.74908967,active
LINK-012825,-73.94987,40.652771,active
LINK-012850,-73.98733637,40.724614,active
LINK-012853,-73.98382369,40.72943593,active
LINK-012858,-73.98449219,40.74598598,active
LINK-012859,-73.9658397,40.75877707,installed
LINK-012863,-73.93352882,40.84942275,active
LINK-012865,-73.96550379,40.75923366,active
LINK-012881,-73.908662,40.853881,active
LINK-012887,-73.92851391,40.76355288,active
LINK-012888,-73.926262,40.762464,active
LINK-012889,-73.92387,40.761341,active
LINK-012917,-73.88409786,40.74754337,active
LINK-012921,-73.91671907,40.8166923,active
LINK-012923,-73.95569057,40.76777013,active
LINK-012925,-73.91899505,40.74221127,active
LINK-012938,-73.94338965,40.70892202,active
LINK-012975,-73.91873252,40.74218025,active
LINK-012986,-73.98706811,40.68759361,active
LINK-013014,-73.90076644,40.8475737,active
LINK-013018,-73.91293263,40.80470552,active
LINK-013019,-73.9176574,40.80681954,active
LINK-013023,-73.95077465,40.66382689,active
LINK-013042,-73.90824221,40.81599771,active
LINK-013063,-73.94328498,40.82079611,active
LINK-013068,-73.98441867,40.72862184,active
LINK-013082,-73.913259,40.763,active
LINK-013089,-73.99124562,40.66355007,active
LINK-013093,-73.96283585,40.64185835,active
LINK-013095,-73.950234,40.674266,active
LINK-013104,-73.939286,40.821828,active
LINK-013111,-73.945253,40.807779,active
LINK-013117,-73.98029,40.676409,active
LINK-013122,-73.9426993,40.82159551,active
LINK-013129,-73.942876,40.837241,active
LINK-013157,-73.9492591,40.80194888,active
LINK-013160,-73.95698009,40.80234988,active
LINK-013161,-73.941152,40.818505,active
LINK-013162,-73.94264858,40.81644556,active
LINK-013167,-73.96144841,40.80100105,active
LINK-013169,-73.94377622,40.8201217,active
LINK-013170,-73.94750336,40.81537577,active
LINK-013171,-73.950658,40.81069,active
LINK-013172,-73.950557,40.805615,active
LINK-013185,-73.989183,40.736141,active
LINK-013196,-73.89607854,40.86205098,active
LINK-013203,-73.92045929,40.76638612,active
LINK-013212,-73.950078,40.673527,active
LINK-013218,-73.91825809,40.82560474,active
LINK-013228,-73.94859133,40.80918643,active
LINK-013234,-73.94812464,40.80879309,active
LINK-013237,-73.911439,40.854764,active
LINK-013242,-73.919637,40.816692,active
LINK-013275,-73.9905922,40.75122432,installed
LINK-013290,-74.00648828,40.72098349,installed
LINK-013299,-73.86199361,40.69210611,active
LINK-013313,-73.91620844,40.8171412,active
LINK-013324,-73.89839588,40.86215226,active
LINK-013345,-73.94601241,40.81705699,active
LINK-013346,-73.94654809,40.81668892,active
LINK-013347,-73.94655805,40.81629802,active
LINK-013348,-73.941723,40.822924,active
LINK-013349,-73.9486889,40.80902187,active
LINK-013350,-73.95426274,40.80579247,active
LINK-013353,-73.95209309,40.80873329,active
LINK-013356,-73.95015967,40.81136226,active
LINK-013357,-73.95071065,40.81098881,active
LINK-013359,-73.94583035,40.80781772,active
LINK-013360,-73.948011,40.808939,active
LINK-013361,-73.94223468,40.82221486,active
LINK-013362,-73.94030397,40.82040617,active
LINK-013368,-73.943064,40.79357,active
LINK-013369,-73.941542,40.798488,active
LINK-013370,-73.94142153,40.79864627,active
LINK-013381,-73.952053,40.811325,active
LINK-013384,-73.93218652,40.85162018,active
LINK-013398,-73.93451006,40.84808255,installed
LINK-013458,-73.95072664,40.6607318,active
LINK-013459,-73.95040697,40.65773965,active
LINK-013464,-73.9817194,40.68721034,active
LINK-013485,-73.95918257,40.70877985,active
LINK-013489,-73.94979845,40.67826808,active
LINK-013497,-73.949966,40.65532,active
LINK-013508,-73.9159581,40.76427257,active
LINK-013510,-73.88415453,40.74982932,active
LINK-013521,-73.8446443,40.72024516,active
LINK-013522,-73.844787,40.720017,active
LINK-013525,-73.91667316,40.76970698,active
LINK-013526,-73.912837,40.76909552,installed
LINK-013527,-73.93142777,40.76516019,active
LINK-013542,-73.86085811,40.69245106,active
LINK-013543,-73.88106477,40.74199055,active
LINK-013545,-73.919926,40.75949,active
LINK-013546,-73.922879,40.760713,active
LINK-013594,-73.91505124,40.76368606,active
LINK-013596,-73.87652268,40.74834975,active
LINK-013597,-73.88366475,40.74772878,active
LINK-013607,-73.85077696,40.72249917,active
LINK-013612,-73.84311,40.695248,active
LINK-013616,-73.91968964,40.74184571,active
LINK-013622,-73.88002682,40.74798095,active
LINK-013628,-73.92505031,40.76189688,active
LINK-013629,-73.91894987,40.759169,active
LINK-013670,-73.98016085,40.77535675,active
LINK-013673,-73.95806217,40.76519297,installed
LINK-013674,-73.95853038,40.76394756,active
LINK-013676,-73.95757799,40.76599549,active
LINK-013681,-73.95872117,40.78071593,active
LINK-013686,-73.96622435,40.77045871,active
LINK-013690,-73.97693216,40.78014761,active
LINK-013700,-73.97518778,40.75118164,active
LINK-013709,-73.97424149,40.74725106,active
LINK-013710,-73.9734053,40.74796623,active
LINK-013711,-73.97836301,40.74159316,active
LINK-013712,-73.98014812,40.73913724,installed
LINK-013713,-73.979693,40.73976238,installed
LINK-013714,-73.97932655,40.73985154,installed
LINK-013718,-73.98105517,40.73805173,active
LINK-013720,-73.98482253,40.732206,active
LINK-013724,-73.9755338,40.74960493,active
LINK-013727,-73.970116,40.752476,installed
LINK-013736,-73.98250633,40.74514234,active
LINK-013738,-73.98337004,40.74389121,active
LINK-013740,-73.98198711,40.74573985,active
LINK-013747,-73.98542849,40.74396179,active
LINK-013750,-73.98409911,40.7465113,active
LINK-013751,-73.98371405,40.74646478,active
LINK-013753,-73.983698,40.747144,active
LINK-013755,-73.98664796,40.74257286,active
LINK-013757,-73.96665144,40.75341389,active
LINK-013759,-73.96565023,40.75437122,active
LINK-013760,-73.95999822,40.76199324,installed
LINK-013763,-73.96291405,40.7581134,active
LINK-013769,-73.96268514,40.76307964,active
LINK-013776,-73.96331113,40.76174825,active
LINK-013777,-73.96516242,40.75914915,active
LINK-013778,-73.9691842,40.75439185,active
LINK-013780,-73.96315851,40.76241687,active
LINK-013801,-73.97543366,40.75773384,active
LINK-013805,-73.98833004,40.75431145,active
LINK-013806,-73.98832163,40.75397801,active
LINK-013808,-73.99106942,40.75127386,active
LINK-013817,-73.980768,40.730496,active
LINK-013832,-73.98019325,40.75495251,active
LINK-013834,-73.99028957,40.74600486,active
LINK-013840,-73.99615313,40.73810851,active
LINK-013841,-74.00581491,40.71780497,active
LINK-013842,-73.99071175,40.74598929,active
LINK-013843,-73.99605667,40.73863995,active
LINK-013844,-73.9927995,40.74272274,active
LINK-013858,-73.99058102,40.71709475,active
LINK-013872,-73.99180123,40.74915253,active
LINK-013873,-73.992745,40.747904,active
LINK-013880,-73.9966041,40.73788645,installed
LINK-013881,-73.99364234,40.76232841,active
LINK-013883,-73.98921452,40.76840586,active
LINK-013904,-73.99250826,40.74351013,active
LINK-013905,-73.98867303,40.74877222,active
LINK-013913,-73.98277309,40.7717802,active
LINK-013920,-73.97609914,40.76047373,active
LINK-013923,-73.97792563,40.75795791,active
LINK-013928,-74.00622249,40.71693937,active
LINK-013954,-73.986712,40.739409,active
LINK-013956,-73.99138693,40.73239147,active
LINK-013962,-74.00238535,40.7295577,active
LINK-013965,-73.989871,40.735187,active
LINK-013970,-73.9851321,40.73224694,active
LINK-013971,-73.98309797,40.73083305,active
LINK-013973,-73.98617294,40.7329605,active
LINK-013974,-73.98813578,40.74083617,active
LINK-013976,-73.994986,40.744815,active
LINK-013990,-73.995892,40.744114,active
LINK-013992,-73.99616801,40.74356421,active
LINK-013993,-74.00690371,40.74875784,installed
LINK-014004,-74.00579536,40.72492489,installed
LINK-014008,-73.994537,40.745448,active
LINK-014013,-73.985069,40.744614,active
LINK-014014,-73.98324565,40.73153857,active
LINK-014015,-73.982827,40.73121904,active
LINK-014021,-73.91468375,40.81846074,active
LINK-014052,-73.95035244,40.67064687,active
LINK-014063,-73.84283995,40.6952564,active
LINK-014075,-73.99079235,40.74611567,installed
LINK-014096,-73.96407038,40.75694399,active
LINK-014133,-73.91297466,40.75607269,active
LINK-014139,-73.89344842,40.74670669,active
LINK-014173,-73.9631832,40.79947246,active
LINK-014179,-73.98618292,40.74739113,active
LINK-014181,-73.9738668,40.78944465,active
LINK-014184,-73.97404944,40.78409642,active
LINK-014189,-73.97905068,40.77657343,installed
LINK-014190,-73.99306771,40.72018834,active
LINK-014191,-73.95875952,40.7638554,active
LINK-014205,-73.95460936,40.76950566,installed
LINK-014206,-74.0067043,40.748842,active
LINK-014207,-73.96189127,40.80040455,active
LINK-014212,-73.9935926,40.74150205,active
LINK-014220,-73.99167705,40.74484704,active
LINK-014226,-73.99907941,40.71716821,active
LINK-014236,-73.943527,40.799528,active
LINK-014238,-73.95971503,40.76292088,active
LINK-014247,-73.99404694,40.68134564,active
LINK-014248,-73.92268748,40.76743258,active
LINK-014249,-73.926808,40.76272,active
LINK-014256,-74.00546559,40.73835105,active
LINK-014263,-73.991198,40.716355,active
LINK-014272,-73.92841499,40.85642084,active
LINK-014273,-73.86326155,40.69190229,active
LINK-014293,-74.00202234,40.72433792,installed
LINK-014303,-73.857547,40.692672,active
LINK-014316,-73.991208,40.734036,active
LINK-014321,-73.93082739,40.85291726,active
LINK-014333,-73.866734,40.69145,active
LINK-014335,-73.90139163,40.84664641,active
LINK-014352,-73.88498743,40.7474512,active
LINK-014393,-73.90991661,40.81618821,active
LINK-014398,-73.9293896,40.85487571,active
LINK-014399,-73.95679626,40.80260688,active
LINK-014405,-73.89253173,40.74667176,active
LINK-014406,-73.87871569,40.74825267,active
LINK-014407,-73.8704887,40.74897101,active
LINK-014420,-73.9885843,40.73796976,active
LINK-014430,-73.86858881,40.75748463,installed
LINK-014433,-73.96483887,40.77237316,installed
LINK-014437,-74.00417706,40.74788855,active
LINK-014438,-73.98610741,40.73274736,active
LINK-014440,-73.9942271,40.69472554,installed
LINK-014444,-73.94700174,40.81569589,active
LINK-014483,-73.915574,40.817446,active
LINK-014485,-73.8938944,40.86234731,active
LINK-014492,-73.91582926,40.817235,active
LINK-014561,-73.92154563,40.7668938,active
LINK-014595,-73.918194,40.840248,active
LINK-014602,-73.91988166,40.76592997,active
LINK-014604,-73.89236832,40.74660883,active
LINK-014609,-73.910931,40.849486,active
LINK-014610,-73.980968,40.737627,active
LINK-014611,-73.97797283,40.74171074,active
LINK-014613,-73.9182259,40.83490416,active
LINK-014614,-73.9715336,40.75129568,active
LINK-014618,-73.95769383,40.76511946,active
LINK-014623,-73.97882096,40.74509981,installed
LINK-014625,-73.97468574,40.74665132,active
LINK-014638,-73.99352183,40.74212565,active
LINK-014639,-73.969254,40.795399,active
LINK-014642,-73.95213993,40.80404696,active
LINK-014643,-73.95075428,40.80595028,active
LINK-014645,-73.94055195,40.81991621,active
LINK-014647,-73.94101785,40.8192929,installed
LINK-014648,-73.942056,40.817264,active
LINK-014649,-73.94284249,40.81677995,active
LINK-014650,-73.944756,40.814156,active
LINK-014651,-73.945458,40.812611,active
LINK-014655,-73.95009459,40.80624896,active
LINK-014662,-73.94244453,40.8223078,active
LINK-014670,-73.9351479,40.8471969,active
LINK-015044,-73.973409,40.792132,active
LINK-018037,-73.87083775,40.7333421,active
LINK-018040,-73.853138,40.726495,active
LINK-018041,-73.853929,40.726695,active
LINK-018042,-73.854789,40.727095,active
LINK-018043,-73.85607116,40.72748901,active
LINK-018045,-73.856848,40.72785,active
LINK-018046,-73.85744565,40.72806732,active
LINK-018047,-73.9925546,40.69828038,active
LINK-018057,-73.98187215,40.68803876,active
LINK-018062,-73.97332,40.685787,active
LINK-018064,-73.97022462,40.68454905,active
LINK-018067,-73.967093,40.683591,active
LINK-018068,-73.96463345,40.68307692,active
LINK-018071,-73.9616482,40.68219957,active
LINK-018080,-73.958801,40.668156,active
LINK-018081,-73.95956788,40.65470433,active
LINK-018082,-73.95911529,40.65245679,active
LINK-018083,-73.95850153,40.65002892,active
LINK-018085,-73.958291,40.649115,active
LINK-018086,-73.95820347,40.64617918,active
LINK-018087,-73.95814408,40.6452617,active
LINK-018088,-73.95805063,40.64788737,active
LINK-018090,-73.95799026,40.64394086,active
LINK-018092,-73.957793,40.671355,installed
LINK-018095,-73.95682638,40.67403887,active
LINK-018096,-73.956281,40.675141,active
LINK-018097,-73.95621158,40.67574507,active
LINK-018099,-73.955858,40.676714,active
LINK-018100,-73.958535,40.681853,active
LINK-018101,-73.95620126,40.68131525,active
LINK-018102,-73.95570356,40.68095126,active
LINK-018103,-73.955431,40.679506,active
LINK-018105,-73.949473,40.679987,active
LINK-018109,-73.94615493,40.68027266,active
LINK-018110,-73.94490293,40.68019738,active
LINK-018111,-73.94226,40.680059,active
LINK-018115,-73.93910101,40.67975193,active
LINK-018117,-73.937627,40.67981536,active
LINK-018119,-73.93549973,40.67956068,active
LINK-018120,-73.929834,40.679381,active
LINK-018124,-73.921802,40.679015,active
LINK-018133,-73.91218476,40.67828559,active
LINK-018134,-73.91025266,40.67831185,active
LINK-018136,-73.90761958,40.67803579,active
LINK-018137,-73.871648,40.733579,active
LINK-018138,-73.87270949,40.73388902,active
LINK-018140,-73.873658,40.734162,active
LINK-018141,-73.87625423,40.7353874,active
LINK-018142,-73.877364,40.736273,active
LINK-018143,-73.880315,40.736982,active
LINK-018144,-73.883978,40.737777,active
LINK-018146,-73.892498,40.739393,active
LINK-018147,-73.895296,40.739922,active
LINK-018148,-73.899864,40.740727,active
LINK-018149,-73.901886,40.740962,active
LINK-018153,-73.906524,40.741506,active
LINK-018155,-73.90753416,40.74143396,active
LINK-018157,-73.91534245,40.74254629,active
LINK-018161,-73.92240124,40.74331229,active
LINK-018166,-73.924156,40.743555,active
LINK-018172,-73.933726,40.744608,active
LINK-018177,-73.94344594,40.83074624,active
LINK-018179,-73.94470427,40.82938949,active
LINK-018185,-73.95528026,40.81453869,active
LINK-018187,-73.95336989,40.81715705,installed
LINK-018189,-73.95187039,40.81886798,active
LINK-018196,-73.95637382,40.81802286,active
LINK-018198,-73.94279179,40.74707469,active
LINK-018199,-73.94413828,40.74663918,active
LINK-018200,-73.94524605,40.74608863,active
LINK-018201,-73.94693708,40.74541772,active
LINK-018203,-73.94766296,40.74492115,active
LINK-018206,-73.95080577,40.74338234,active
LINK-018207,-73.95267766,40.74263091,active
LINK-018209,-73.95333647,40.74228717,active
LINK-018218,-73.92788597,40.81015856,active
LINK-018220,-73.92888643,40.81751219,active
LINK-018221,-73.92924285,40.81675164,active
LINK-018222,-73.92988537,40.81503931,active
LINK-018223,-73.930217,40.81431,active
LINK-018224,-73.93040028,40.81359474,active
LINK-018225,-73.92925029,40.81244091,active
LINK-018226,-73.92866453,40.81225338,active
LINK-018228,-73.92907378,40.80854426,active
LINK-018373,-73.93976524,40.79878582,active
LINK-018375,-73.9445962,40.79189835,active
LINK-018377,-73.93860514,40.80009573,active
LINK-018381,-74.10895942,40.57143702,active
LINK-018382,-74.10861367,40.57178152,active
LINK-018383,-74.10753883,40.57285047,active
LINK-018384,-74.10691685,40.57346599,active
LINK-018385,-74.1048165,40.57555318,active
LINK-018386,-74.10356538,40.57681082,active
LINK-018388,-74.10065158,40.57963412,active
LINK-018389,-74.1000124,40.57983879,active
LINK-018390,-73.91292955,40.84388121,active
LINK-018391,-73.91979703,40.83513298,active
LINK-018394,-73.9099,40.84833,active
LINK-018397,-73.8974,40.86115,active
LINK-018398,-73.8928,40.86487,active
LINK-018400,-73.90051187,40.86366546,active
LINK-018402,-73.9021009,40.86869849,active
LINK-018403,-73.89780278,40.86676519,active
LINK-018405,-74.08382835,40.59771508,active
LINK-018406,-74.08305039,40.59800199,active
LINK-018407,-74.11201028,40.581304,active
LINK-018408,-74.11135039,40.58167685,active
LINK-018409,-74.10370822,40.58738523,active
LINK-018410,-74.101684,40.589032,active
LINK-018411,-74.10127071,40.58948831,active
LINK-018414,-74.10090436,40.58990771,active
LINK-018415,-74.10092195,40.59045311,active
LINK-018416,-74.10086158,40.59143558,active
LINK-019312,-73.912958,40.846434,active
LINK-019313,-73.91213693,40.84779956,active
LINK-019315,-73.91028173,40.850173,active
LINK-019363,-73.9495225,40.67948543,active
LINK-019365,-73.949579,40.678818,active
LINK-019366,-73.94969703,40.677504,active
LINK-019368,-73.9502139,40.67211449,active
LINK-019369,-73.9505023,40.66916742,active
LINK-019371,-73.950605,40.662438,active
LINK-019377,-74.115318,40.564789,active
LINK-019378,-73.91603242,40.84220263,active
LINK-019379,-73.91496083,40.84425807,active
LINK-019724,-73.84588685,40.72073474,active
LINK-019773,-73.84560657,40.72117684,active
LINK-019776,-73.93995198,40.7481039,active
LINK-019781,-73.93494274,40.75114906,active
LINK-019782,-73.93415739,40.75149813,active
LINK-019783,-73.93337963,40.75195044,active
LINK-019837,-73.944183,40.819549,active
LINK-019889,-73.923341,40.761089,active
LINK-019890,-73.92076317,40.75972324,active
LINK-019891,-73.91723,40.758221,active
LINK-019892,-73.9143831,40.75672431,active
LINK-019897,-73.87812993,40.73933161,active
LINK-019899,-73.87936018,40.74073714,active
LINK-019900,-73.87992485,40.74093675,active
LINK-019901,-73.8829233,40.74302376,active
LINK-019902,-73.88378879,40.74356322,active
LINK-019903,-73.88945075,40.74576092,active
LINK-019904,-73.89012129,40.74604558,active
LINK-020239,-73.971614,40.75694469,active
LINK-020490,-73.97313741,40.7853501,active
LINK-020492,-73.96827641,40.75501502,installed
LINK-020495,-73.92262283,40.80966819,active
LINK-020496,-73.91900611,40.80775593,active
LINK-020497,-73.91624535,40.80638485,active
LINK-020504,-73.91295433,40.81447081,active
LINK-020509,-73.91795518,40.80628664,active
LINK-020513,-73.91518065,40.81439418,active
LINK-020515,-73.91607435,40.81284091,active
LINK-020541,-73.92333228,40.80829273,active
LINK-020548,-73.91834301,40.80710778,active
LINK-020557,-73.91396042,40.83573444,active
LINK-020563,-73.92192323,40.8102552,active
LINK-020565,-73.9205525,40.81212659,active
LINK-020569,-73.91616313,40.81939415,active
LINK-020572,-73.91484908,40.82211198,active
LINK-020576,-73.91195254,40.82202219,active
LINK-020581,-73.89639316,40.84647676,active
LINK-020595,-73.91707813,40.81737983,active
LINK-020596,-73.91679096,40.81801655,active
LINK-020598,-73.91069013,40.82251879,active
LINK-020599,-73.90942748,40.82233792,active
LINK-020603,-73.92658962,40.81207894,active
LINK-020604,-73.92624362,40.81255748,active
LINK-020653,-73.9887287,40.68940822,active
LINK-020655,-73.991014,40.686177,active
LINK-020657,-73.99158104,40.68479895,active
LINK-020658,-73.9921845,40.68430374,active
LINK-020659,-73.99277254,40.68343607,active
LINK-020661,-73.99346713,40.68240987,active
LINK-020756,-73.95545319,40.73691349,active
LINK-020757,-73.955096,40.734684,active
LINK-020759,-73.954581,40.732735,active
LINK-020764,-73.949671,40.722328,pending
LINK-020767,-73.947627,40.720111,active
LINK-020768,-73.946853,40.719511,active
LINK-020772,-73.94373207,40.7110789,active
LINK-020774,-73.943399,40.707379,active
LINK-020775,-73.94303,40.705768,active
LINK-020776,-73.942989,40.704496,active
LINK-020781,-73.99378509,40.68657135,active
LINK-020783,-73.99476547,40.68455252,active
LINK-020785,-73.99541762,40.68317963,active
LINK-020833,-73.93221564,40.75371822,active
LINK-020907,-73.918518,40.762073,active
LINK-020914,-73.91450114,40.7535215,active
LINK-020922,-73.9177028,40.75374563,active
LINK-020927,-73.92659983,40.75234817,active
LINK-020928,-73.927183,40.752724,active
LINK-020932,-73.91840166,40.75364064,active
LINK-020933,-73.92521461,40.75652086,active
LINK-020949,-73.92577772,40.77203314,active
LINK-020959,-73.922478,40.763931,active
LINK-020960,-73.921267,40.763207,installed
LINK-020965,-73.9190056,40.74130348,active
LINK-020984,-73.919579,40.762564,active
LINK-020994,-73.95348371,40.74432049,active
LINK-021013,-73.92035427,40.77074708,active
LINK-021014,-73.92149601,40.7710546,active
LINK-021018,-73.91557,40.760686,active
LINK-021020,-73.91981871,40.75413552,active
LINK-021068,-73.950086,40.747793,active
LINK-021069,-73.949855,40.748497,active
LINK-021089,-73.91889468,40.77035989,active
LINK-021097,-73.92244782,40.7552199,active
LINK-021107,-73.95131072,40.71086983,active
LINK-021118,-73.95953976,40.71385109,active
LINK-021119,-73.96274067,40.71522663,active
LINK-021122,-73.95861248,40.71924622,active
LINK-021123,-73.95155241,40.71419088,active
LINK-021136,-73.95128474,40.71307988,active
LINK-021137,-73.95102615,40.71166636,active
LINK-021138,-73.95070637,40.70957163,active
LINK-021150,-73.95323355,40.7230135,active
LINK-021156,-73.95468869,40.72253263,active
LINK-021157,-73.96244,40.7099,installed
LINK-021162,-73.96128653,40.71643057,active
LINK-021163,-73.96030116,40.71765823,active
LINK-021194,-73.97437496,40.68064989,active
LINK-021224,-73.96799938,40.68042562,active
LINK-021227,-73.96276535,40.71906736,active
LINK-021228,-73.96424309,40.71573175,active
LINK-021229,-73.95561039,40.71226766,active
LINK-021230,-73.95028299,40.71412964,active
LINK-021233,-73.9610955,40.71449771,active
LINK-021234,-73.95723131,40.71851349,active
LINK-021241,-73.95531649,40.707581,installed
LINK-021248,-73.96693042,40.71391386,active
LINK-021262,-73.9592022,40.72250424,active
LINK-021263,-73.96047431,40.71940433,active
LINK-021265,-73.96084076,40.71684975,active
LINK-021279,-73.96035235,40.72138255,active
LINK-021280,-73.95977484,40.72194342,active
LINK-021284,-73.95260309,40.72329009,active
LINK-021289,-73.96853381,40.71098811,installed
LINK-021303,-73.96652497,40.71470734,active
LINK-021329,-73.919173,40.76578525,active
LINK-021330,-73.91836041,40.76540165,active
LINK-021332,-73.91171708,40.76227762,active
LINK-021381,-73.86501478,40.69173379,active
LINK-021385,-73.853678,40.693166,active
LINK-021386,-73.85255707,40.69373978,active
LINK-021387,-73.85056916,40.69414034,active
LINK-021389,-73.84858743,40.69467595,active
LINK-021390,-73.84665595,40.69504845,active
LINK-021393,-73.84118746,40.69522138,active
LINK-021394,-73.84055056,40.69541981,active
LINK-021395,-73.83880988,40.69591252,active
LINK-021396,-73.83784205,40.69633127,active
LINK-021397,-73.837293,40.697047,active
LINK-021398,-73.83565709,40.69790215,active
LINK-021399,-73.83484675,40.69809542,active
LINK-021403,-73.82709687,40.70063483,active
LINK-021406,-73.8564538,40.69260724,active
LINK-021504,-73.977038,40.681596,active
LINK-021505,-73.978034,40.680323,active
LINK-021506,-73.97846492,40.67950101,active
LINK-021509,-73.981469,40.675254,active
LINK-021511,-73.98316142,40.6726791,active
LINK-021512,-73.98362685,40.67224181,active
LINK-021516,-73.987509,40.667873,active
LINK-021517,-73.98837832,40.66653858,active
LINK-021518,-73.98905662,40.66622971,active
LINK-021519,-73.991789,40.666904,active
LINK-021520,-73.993715,40.664406,active
LINK-021522,-73.996017,40.662189,active
LINK-021524,-73.999532,40.658808,active
LINK-021525,-74.000689,40.657704,active
LINK-021526,-74.002053,40.656384,active
LINK-021527,-74.00305032,40.6554376,active
LINK-021528,-74.00440376,40.65413323,active
LINK-021535,-73.83136082,40.70753055,installed
LINK-021536,-73.83157897,40.70615073,active
LINK-021538,-73.9116866,40.75448755,active
LINK-021680,-73.92206966,40.73968025,active
LINK-021683,-73.97573017,40.68103872,active
LINK-021686,-73.96775318,40.68226753,active
LINK-021687,-73.96466835,40.68088788,active
LINK-021688,-73.96451072,40.68023805,active
LINK-021689,-73.96373,40.67854,active
LINK-021803,-73.87355043,40.74879795,active
LINK-021901,-73.96138086,40.76842289,active
LINK-021914,-73.86809486,40.69102143,active
LINK-021919,-73.872079,40.683506,active
LINK-021920,-73.87137973,40.68382059,active
LINK-021921,-73.87053741,40.68406084,active
LINK-021922,-73.86897453,40.68462509,active
LINK-021923,-73.86830879,40.68470155,active
LINK-021925,-73.86677733,40.68513094,active
LINK-021926,-73.89716745,40.67647467,active
LINK-021927,-73.89746353,40.67722165,active
LINK-021928,-73.89835842,40.67699412,active
LINK-021929,-73.89921208,40.67704253,active
LINK-021930,-73.90195137,40.67754,active
LINK-021931,-73.90299005,40.67789498,active
LINK-021932,-73.90430067,40.67786155,active
LINK-021933,-73.90590131,40.67784547,active
LINK-022136,-73.94206208,40.65122997,active
LINK-022137,-73.94554463,40.65094749,active
LINK-022138,-73.947834,40.650962,active
LINK-022140,-73.952414,40.648733,active
LINK-022141,-73.95596197,40.64868919,active
LINK-022142,-73.95781959,40.64860712,installed
LINK-022296,-73.95968841,40.718187,active
LINK-022396,-73.95586492,40.81410283,installed
LINK-022685,-73.88645545,40.74945855,active
LINK-022686,-73.8858319,40.74953249,active
LINK-023349,-73.90854944,40.82392555,active
